"","species","order","mni_max","spec_max","mni_pred_max","lat_range","gcd","grid_cells","ma_range","asl_pred","svl","mean_lat","min_lat","hab.cat.b","habitat_width","hab_w_boot","family","genus","complete_case","abu_cat"
"1","Acanthostomatops vorax","Temnospondyli",1,NA,1,0,0,1,0,75,208.924359025865,6.76504969259485,8.01924853108584,"low",1,1,"Zatracheidae","Acanthostomatops",FALSE,NA
"2","Acheloma cumminsi","Temnospondyli",1,1,1,0.230892720698898,176.733001433513,1,6,166,444.876694350118,-0.552192561814123,0.192561971764794,"low",1,0.612745098039216,"Trematopidae","Acheloma",TRUE,1
"3","Acheloma dunni","Temnospondyli",2,6,2,0,86.9100317201515,1,0,177,473.39521161701,0.830948419539444,0.0433331980800254,"low",1,1,"Trematopidae","Acheloma",TRUE,1
"4","Albanerpeton arthridion","Allocaudata",16,43,16,0.758141777679622,0,1,10,4.94186849582904,27.2527819204699,39.2290692051681,37.2709941265495,"low",2,1.33153638814016,"Albanerpetontidae","Albanerpeton",TRUE,1
"5","Albanerpeton cifellii","Allocaudata",1,1,1,0.485044253066046,0,1,0,NA,NA,44.6370197251072,45.5580768874479,"low",1,1,"Albanerpetontidae","Albanerpeton",FALSE,NA
"6","Albanerpeton galaktion","Allocaudata",1,6,1,1.80782004861877,1249.73308239391,3,17,10.8721106908239,42.6358134356137,57.5395907218694,49.1017256216396,"low",2,1.07510729613734,"Albanerpetontidae","Albanerpeton",TRUE,1
"7","Albanerpeton gracilis","Allocaudata",40,85,40,0,2378.66368543759,5,7,6.58915799443872,31.519899246819,54.804248135112,38.9289082114559,"highlow",3,1.49668874172185,"Albanerpetontidae","Albanerpeton",TRUE,2
"8","Albanerpeton inexpectatum","Allocaudata",3,33,4,4.29300207764766,1109.8996260146,4,15,16,55.9219381022847,44.0822940055006,41.7256059628567,"low",1,0.967871485943775,"Albanerpetontidae","Albanerpeton",TRUE,1
"9","Albanerpeton nexuosus","Allocaudata",14,79,14,3.71164821597358,2242.17650409356,4,17,11.5310264902678,44.3357548665247,53.2657408743981,38.9217293041732,"highlow",4,1.78893442622951,"Albanerpetontidae","Albanerpeton",TRUE,1
"10","Albionbatrachus wightensis","Salientia",1,1,1,0,53.1717756492402,1,0,NA,NA,43.8632932103512,44.7205904683371,"low",1,1,"Palaeobatrachidae","Albionbatrachus",FALSE,NA
"11","Ambystoma minshalli","Urodela",3,78,3,3.85790484409802,275.813309688012,2,1,14.8256054874871,52.8791519272712,46.0117541162587,44.4067611458152,"highlow",3,1.39503386004515,"Ambystomatidae","Ambystoma",TRUE,1
"12","Amphibiopodiscus saltator",NA,NA,NA,NA,0.536151491425577,0,1,0,NA,NA,-44.4767849915227,-43.6963433529748,"low",1,1,NA,"Amphibiopodiscus",FALSE,NA
"13","Anakamacops petrolicus","Temnospondyli",1,1,1,0,26.6070512320962,1,0,NA,NA,25.4376017007074,25.4337595224409,"low",1,1,"Dissorophidae","Anakamacops",FALSE,NA
"14","Anconastes vesperus","Temnospondyli",1,2,1,1.04287334866311,0,1,0,99,271.151063678313,2.94461936112899,1.5284164522815,"low",1,1,"Trematopidae","Anconastes",TRUE,1
"15","Andrias matthewi","Urodela",1,2,1,6.44978048621812,791.918916881126,2,5,154,413.768032550476,47.9814534533821,46.0988007008929,"highlow",2,1.15724815724816,"Cryptobranchidae","Andrias",TRUE,1
"16","Angusaurus tsylmensis","Temnospondyli",NA,NA,NA,0,0,1,0,NA,NA,50.7473958282654,50.4434859448967,"low",1,1,"Benthosuchidae","Angusaurus",FALSE,NA
"17","Anoualerpeton priscus","Allocaudata",48,402,48,0.446364300368107,0,1,0,8.2364474930484,35.7923712771682,36.5665026970393,35.5455201121232,"low",1,1,"Albanerpetontidae","Anoualerpeton",TRUE,2
"18","Anoualerpeton unicus","Allocaudata",NA,NA,NA,0,0,2,1,8.2364474930484,35.7876173712516,16.4996514165639,17.4914050380565,"low",1,1,"Albanerpetontidae","Anoualerpeton",FALSE,NA
"19","Antarctosuchus polyodon","Temnospondyli",1,1,1,0,114.890514544809,2,0,624,1632.46377133553,-71.5395371006022,-71.4521365901607,"high",1,1,NA,"Antarctosuchus",TRUE,1
"20","Apachesaurus gregorii","Temnospondyli",3,7,3,4.15537321611118,924.419606621416,5,15,NA,NA,10.2580678888883,8.81803143524925,"highlow",3,1.82,"Metoposauridae","Apachesaurus",FALSE,NA
"21","Apateon gracilis","Temnospondyli",NA,NA,NA,0.721886124670624,0,1,0,18,61.1137302737793,7.74260996643215,8.56332309579238,"low",1,1,"Branchiosauridae","Apateon",FALSE,NA
"22","Aphaneramma rostratum","Temnospondyli",1,5,1,0.223114806451206,97.9837678872195,2,0,242,641.944798603396,54.8528776402427,55.149594370485,"low",1,0.953290870488323,"Trematosauridae","Aphaneramma",TRUE,1
"23","Apodops pricei","Parabatrachia",1,1,1,0,0,1,0,NA,NA,-27.9191877381847,-26.9195097499498,"low",1,1,"Caeciliidae","Apodops",FALSE,NA
"24","Apricosiren ensomi","Urodela",50,200,50,0,0,2,0,NA,NA,33.9137840655688,33.4442643581945,"low",1,1,NA,"Apricosiren",FALSE,NA
"25","Aralobatrachus robustus","Salientia",2,10,2,0.0365688357152618,0,1,3,18,61.1204470086021,36.0643563523391,35.265663531023,"highlow",3,1.45189504373178,"Discoglossidae","Aralobatrachus",TRUE,1
"26","Arariphrynus placidoi","Salientia",NA,NA,NA,0,0,1,0,NA,NA,-5.16422571761413,-5.60620191747202,"low",1,1,NA,"Arariphrynus",FALSE,NA
"27","Arizonerpeton wellsi","Lepospondyli",1,27,1,0,0,1,0,NA,NA,-9.44876205552391,-8.27141848862192,"low",1,1,"Nectridea","Arizonerpeton",FALSE,NA
"28","Aspidosaurus chiton","Temnospondyli",1,2,1,0.871784852662874,70.5011659592398,1,0,89,245.217265751189,-0.377555992131801,1.42672341768283,"low",1,1,"Dissorophidae","Aspidosaurus",TRUE,1
"29","Austropelor wadleyi","Temnospondyli",1,1,1,0.127952333367183,0,1,0,NA,NA,-58.0376590275872,-58.8521392866704,"low",1,1,"Brachyopidae","Austropelor",FALSE,NA
"30","Avitabatrachus uliana","Salientia",NA,NA,NA,0.963527746650009,0,1,0,12.4443204403572,34.9934744225349,-38.4659973814112,-38.0344470267144,"low",1,1,NA,NA,FALSE,NA
"31","Aygroua anoualensis","Salientia",2,24,2,1.2492229462078,0,2,0,NA,NA,16.1833428534544,16.5734173826739,"low",1,1,NA,"Aygroua",FALSE,NA
"32","Bakonybatrachus fedori","Salientia",1,4,1,0,0,1,0,10.666560377449,29.9941194943432,31.2994982836205,31.990716130789,"low",1,1,"Discoglossidae","Bakonybatrachus",TRUE,1
"33","Balanerpeton woodi","Temnospondyli",27,27,27,0.311626015278835,34.0484265792398,1,1,48,150.003661056627,-27.4613742860334,-28.6632829414981,"low",1,1,NA,"Balanerpeton",TRUE,2
"34","Banksiops townrowi","Temnospondyli",8,46,8,1.29237923517704,49.3685324589063,1,1,82,227.07304825971,-82.4481783885936,-82.4622788157553,"highlow",2,2,"Brachyopidae","Banksiops",TRUE,1
"35","Baphetes orientalis",NA,NA,NA,NA,0.355893177494983,22.779564500672,1,0,276,730.102503202017,-1.07398935648274,-1.0467294585764,"low",1,1,NA,NA,FALSE,NA
"36","Bathignathus poikilops","Temnospondyli",1,1,1,0,57.6733133862445,1,1,212,564.154775588294,-50.0845713125978,-49.7815423337248,"low",1,1,"Brachyopidae","Bathignathus",TRUE,1
"37","Batrachopodiscus curvus",NA,NA,NA,NA,0,0,1,0,NA,NA,-51.4231774055646,-52.9194008222097,"low",1,1,NA,"Batrachopodiscus",FALSE,NA
"38","Batrachopodiscus quthingensis",NA,NA,NA,NA,0,50.7966594295505,1,0,NA,NA,-44.5196837610769,-44.0979835917446,"low",1,1,NA,"Batrachopodiscus",FALSE,NA
"39","Batrachopodiscus tsanatalani",NA,NA,NA,NA,0,121.907501446268,2,0,NA,NA,-51.084465994338,-52.6521908946582,"low",1,1,NA,"Batrachopodiscus",FALSE,NA
"40","Batrachosuchus concordi","Temnospondyli",1,1,1,0.695607253880874,0,1,1,NA,NA,-40.2029589678697,-40.4964481679327,"low",1,1,"Brachyopidae","Batrachosuchus",FALSE,NA
"41","Batrachosuchus henwoodi","Temnospondyli",1,1,1,0,86.5462912010838,2,0,126,341.153798857067,-49.8306522739323,-50.0839353513175,"low",1,1,"Brachyopidae","Batrachosuchus",TRUE,1
"42","Batropetes fritschia","Lepospondyli",1,1,1,0,24.6295359522135,1,0,13.1783159888774,48.6019692076558,5.35597660305965,5.0578962551156,"low",1,1,"Brachystelechidae","Batropetes",TRUE,1
"43","Beelzebufo ampinga","Salientia",1,19,1,0.835949108533544,220.183663475398,1,0,82.488066918939,231.99629525742,-36.9784726963899,-36.5908422202404,"highlow",3,3,NA,"Beelzebufo",TRUE,1
"44","Benthosuchus korobkovi","Temnospondyli",NA,NA,NA,0,0,1,1,NA,NA,40.9382573440518,40.8545274827477,"low",1,1,NA,"Benthosuchus",FALSE,NA
"45","Benthosuchus sushkini","Temnospondyli",1,1,1,0,0,1,0,700,1829.53839895235,39.0668412858374,38.8919341202579,"high",1,1,NA,"Benthosuchus",TRUE,1
"46","Benthosuchus uralensis","Temnospondyli",1,1,1,0.861948297030709,0,1,0,700,1829.5401913355,38.5982287034327,39.1753144638548,"high",1,1,NA,"Benthosuchus",TRUE,1
"47","Bishara backa","Urodela",1,1,1,0.474601282999399,95.6128235364324,1,0,NA,NA,35.3337383677456,36.1717207974028,"low",1,1,NA,"Bishara",FALSE,NA
"48","Bolterpeton carrolli","Lepospondyli",2,2,2,0.520936624473571,0,1,0,NA,NA,0.465097625876032,1.61337686390262,"low",1,1,"Gymnarthridae","Bolterpeton",FALSE,NA
"49","Boreosaurus thorslundi","Temnospondyli",1,1,1,0,63.9736708349647,2,1,NA,NA,55.7281630012175,55.2601804356097,"low",1,1,"Stereospondyli","Boreosaurus",FALSE,NA
"50","Bothriceps australis","Temnospondyli",15,15,15,0,0,1,1,85,234.839190424379,-85.3718000694427,-86.9249025059182,"low",1,1,"Brachyopidae","Bothriceps",TRUE,1
"51","Branchierpeton amblystomum","Temnospondyli",NA,NA,NA,0.862891598861245,0,1,0,NA,NA,8.19361083151534,8.6232444051443,"low",1,1,"Micromelerpetontidae","Branchierpeton",FALSE,NA
"52","Branchiosaurus umbrosus","Temnospondyli",NA,NA,NA,0,0,1,0,12.7,47.3663633123097,9.00156019542264,10.2303106142943,"low",1,1,"Branchiosauridae","Branchiosaurus",FALSE,NA
"53","Broiliellus novomexicanus","Temnospondyli",NA,NA,NA,0,0,1,0,89,245.213858584459,5.04738529608401,4.25797592312845,"high",1,1,"Dissorophidae","Broiliellus",FALSE,NA
"54","Broiliellus peltatus","Temnospondyli",NA,NA,NA,0.834107432967263,63.0447743497967,1,0,89,245.207243810887,0.903294698950997,0.609784648903808,"low",1,1,"Dissorophidae","Broiliellus",FALSE,NA
"55","Bufo kuhrei","Salientia",NA,NA,NA,0,101.28274790751,1,0,NA,NA,46.2489603313517,45.0606591573816,"high",1,1,"Bufonidae","Bufo",FALSE,NA
"56","Bufo linquensis","Salientia",NA,NA,NA,0,91.179064089348,1,0,NA,NA,34.9022623779868,35.0492132315097,"high",1,1,"Bufonidae","Bufo",FALSE,NA
"57","Cacops aspidephorus","Temnospondyli",1,21,2,1.23802435838969,0,1,1,124,335.961974272762,0.90684258994621,0.00147258034881903,"low",1,1,"Dissorophidae","Cacops",TRUE,1
"58","Cacops morrisi","Temnospondyli",2,2,2,0,0,1,0,122,330.780138331053,0.498577160431258,0.668972152421437,"low",1,1,"Dissorophidae","Cacops",TRUE,1
"59","Calamops paludosus","Temnospondyli",1,1,1,0.348930197502433,0,1,0,900,2348.12894563629,14.0897788591944,13.7903261166327,"low",1,1,"Capitosauroidea","Calamops",TRUE,1
"60","Callistomordax kugleri","Temnospondyli",9,11,9,0,144.343388461573,1,0,155,416.353669351972,29.6147699899725,28.2250061988959,"low",1,1,NA,"Callistomordax",TRUE,1
"61","Calmasuchus acri","Temnospondyli",1,3,1,1.10164609536896,0,1,0,323,851.986645641358,19.0894238875381,18.3066777159594,"low",1,1,NA,"Calmasuchus",TRUE,1
"62","Capitosaurus arenaceus","Temnospondyli",1,1,1,0,26.6860909233701,1,0,NA,NA,30.2559075841003,29.8668039093048,"low",1,1,"Mastodonsauridae","Capitosaurus",FALSE,NA
"63","Capitosaurus polaris","Temnospondyli",1,1,1,0,0,1,0,NA,NA,57.6163604138632,55.65452378711,"low",1,1,"Mastodonsauridae","Capitosaurus",FALSE,NA
"64","Cardiocephalus peabodyi","Lepospondyli",3,25,3,0,17.2272296805469,1,0,19,105.996103924983,0.628250409053825,0.548196194829605,"low",1,1,"Gymnarthridae","Cardiocephalus",TRUE,1
"65","Cardiocephalus sternbergi","Lepospondyli",2,2,2,0,52.3274759771622,1,0,16,55.9291823212731,1.50932523353724,1.02251405766818,"low",1,1,"Gymnarthridae","Cardiocephalus",TRUE,1
"66","Celtedens ibericus","Allocaudata",1,1,1,1.17457243709826,58.4173533416758,1,0,9.71900804179711,39.6319889143616,28.7236824869457,27.0681076911557,"low",1,1,"Albanerpetontidae","Celtedens",TRUE,1
"67","Celtedens megacephalus","Allocaudata",32,45,32,0,57.8809611628982,2,32,9.3,38.5518978319186,31.503150814423,30.7476378671316,"low",1,1,"Albanerpetontidae","Celtedens",TRUE,2
"68","Chelomophrynus bayi","Salientia",NA,NA,NA,0,82.4454463792176,1,0,NA,NA,50.1801632113076,51.2603858440436,"low",1,1,"Rhinophrynidae","Chelomophrynus",FALSE,NA
"69","Chenoprosopus milleri","Temnospondyli",1,1,1,0,60.7519990001769,1,0,291.5,770.293596035476,6.64102071348725,5.67964301455913,"low",1,1,"Cochleosauridae","Chenoprosopus",TRUE,1
"70","Chomatobatrachus halei","Temnospondyli",7,10,7,0,0,2,0,112,304.847215159595,-82.1128289968819,-83.47251087332,"highlow",2,2,"Lydekkerinidae","Chomatobatrachus",TRUE,1
"71","Chunerpeton tianyiensis","Urodela",1,1,1,1.7370802059337,529.79846017698,2,6,26,81.8509326523635,48.3181150127388,45.8525570182804,"low",1,0.410764872521246,"Cryptobranchidae","Chunerpeton",TRUE,1
"72","Cochleosaurus florensis","Temnospondyli",NA,NA,NA,0,8.70568559723318,1,0,124,335.967061274341,-9.15141752677441,-9.13063459972323,"low",1,1,"Cochleosauridae","Cochleosaurus",FALSE,NA
"73","Conjunctio multidens","Temnospondyli",NA,NA,NA,0,0,1,9,113,307.45477620643,3.73572197067276,4.42989149793876,"low",1,0.567567567567568,"Dissorophidae","Conjunctio",FALSE,NA
"74","Cosgriffius campi","Temnospondyli",1,1,1,0,0,1,0,411,1080.15906352579,19.6402899566911,19.273479771322,"low",1,1,"Trematosauridae","Cosgriffius",TRUE,1
"75","Cratia gracilis","Salientia",NA,NA,NA,1.02351326931436,29.4321487625824,1,1,NA,NA,-5.63525026578336,-4.80519033556684,"low",1,1,NA,"Cratia",FALSE,NA
"76","Crossotelos annulatus","Lepospondyli",2,2,2,0.176789045654546,25.3905943284248,1,4,37,110.3826824846,0.0910429575528023,0.228919703997621,"highlow",2,1.18506493506494,"Urocordylidae","Crossotelos",TRUE,1
"77","Cryobatrachus kitchingi","Temnospondyli",1,3,1,0.101741335252617,128.159275616215,1,0,NA,NA,-71.3067565125844,-73.0328763983526,"low",2,2,NA,"Cryobatrachus",FALSE,NA
"78","Ctenerpeton primum","Lepospondyli",NA,NA,NA,0,36.6860556152994,1,0,NA,NA,-14.3033658599769,-12.8799176489291,"low",1,1,"Urocordylidae","Ctenerpeton",FALSE,NA
"79","Cyclotosaurus ebrachensis","Temnospondyli",1,1,1,0,0,2,1,345,909.01771577142,29.2971425811856,30.5923056007459,"high",1,1,"Capitosauroidea","Cyclotosaurus",TRUE,1
"80","Cyclotosaurus intermedius","Temnospondyli",1,5,1,0.0589651445712571,57.1273079476023,1,0,560,1466.52651688151,33.5498983412809,34.0145940137855,"low",1,1,"Capitosauroidea","Cyclotosaurus",TRUE,1
"81","Cyclotosaurus leptognathus","Temnospondyli",2,4,2,0.229405136763114,0,1,0,345,909.014585389014,29.8811328236523,29.892605437203,"high",1,1,"Capitosauroidea","Cyclotosaurus",TRUE,1
"82","Cyclotosaurus pachygnathus","Temnospondyli",1,4,1,0.538589231036788,11.9781338585314,1,0,345,909.018514686379,28.7088117036372,28.9304030344982,"high",2,1.16595744680851,"Capitosauroidea","Cyclotosaurus",TRUE,1
"83","Cyclotosaurus posthumus","Temnospondyli",NA,NA,NA,0,0,1,0,NA,NA,44.1616594882285,44.1181937467842,"low",1,1,"Capitosauroidea","Cyclotosaurus",FALSE,NA
"84","Cyclotosaurus robustus","Temnospondyli",22,22,22,0.728188981204122,54.9617877937944,2,1,391,1028.30674056057,28.4976637805567,29.0065126380611,"low",1,1,"Capitosauroidea","Cyclotosaurus",TRUE,2
"85","Cyclotosaurus spitzbergensis","Temnospondyli",1,1,1,0,0,1,0,345,909.019914161361,56.2946390177684,55.0834496718461,"low",1,1,"Capitosauroidea","Cyclotosaurus",TRUE,1
"86","Cymatorhiza kittsi","Lepospondyli",1,1,1,1.14551964780505,18.6561605938458,1,0,NA,NA,8.49435124351826,7.33142523831871,"high",1,1,"Gymnarthridae","Cymatorhiza",FALSE,NA
"87","Czatkobatrachus polonicus","Salientia",9,76,9,1.2077046490982,61.7286372732011,1,0,17.7776006290817,50.0079639942478,29.7716640167581,30.0814466116661,"low",1,1,NA,"Czatkobatrachus",TRUE,1
"88","Dasyceps bucklandi","Temnospondyli",1,1,1,0,0,1,0,240,636.768592690512,6.2629330187253,6.1893144777193,"high",1,1,"Zatracheidae","Dasyceps",TRUE,1
"89","Deltacephalus whitei","Temnospondyli",1,1,1,1.25820237092498,2.27688968017304,1,0,51.8,148.758014536216,-34.0115393989971,-33.4661199923856,"low",1,1,"Lydekkerinidae","Deltacephalus",TRUE,1
"90","Deltasaurus kimberleyensis","Temnospondyli",1,6,1,1.08816526166674,133.790217613798,2,3,128,346.345262705377,-67.571198819988,-83.247452485355,"highlow",2,2,"Rhytidosteidae","Deltasaurus",TRUE,1
"91","Deltasaurus pustulatus","Temnospondyli",1,1,1,0,0,1,1,128,346.349890686148,-51.2849951314741,-53.1366269703024,"low",1,1,"Rhytidosteidae","Deltasaurus",TRUE,1
"92","Dendrerpeton acadianum","Temnospondyli",1,1,1,0.605009041882271,0,1,1,105,286.698141181945,-16.8771264340619,-16.8325822424965,"low",1,1,NA,"Dendrerpeton",TRUE,1
"93","Derwentia warreni","Temnospondyli",1,1,1,0,0,1,0,88.4,243.652684618175,-82.9347699190545,-82.5655000004717,"high",1,1,"Derwentiidae","Derwentia",TRUE,1
"94","Dicamptodon antiquus","Urodela",1,1,1,0,0,1,0,21,68.8847018239098,64.209409775175,63.9436718807181,"low",1,1,"Dicamptodontidae","Dicamptodon",TRUE,1
"95","Diceratosaurus laevis","Lepospondyli",1,1,1,0.795640429387122,0,1,0,37,110.390619505502,-9.2619022861791,-9.97311876152802,"low",1,1,"Nectridea","Diceratosaurus",TRUE,1
"96","Diceratosaurus robustus","Lepospondyli",1,1,1,0.00247788927288894,0,1,0,67,188.170412122011,-10.1830715294664,-10.4414875386019,"low",1,1,"Nectridea","Diceratosaurus",TRUE,1
"97","Diplocaulus brevirostris","Lepospondyli",4,4,4,0,73.4198342754182,1,0,136,367.087704137674,-0.511016635919248,0.415566634071222,"low",1,1,"Keraterpetontidae","Diplocaulus",TRUE,1
"98","Diplocaulus copei","Lepospondyli",1,8,1,0.560452071278071,0,1,0,NA,NA,0.464518546107263,0.43699890233487,"low",1,1,"Keraterpetontidae","Diplocaulus",FALSE,NA
"99","Diplocaulus magnicornis","Lepospondyli",3,23,3,1.05650942281902,0,1,9,115,312.640673930187,0.964140461822191,-0.101894944421998,"low",1,1,"Keraterpetontidae","Diplocaulus",TRUE,1
"100","Diplocaulus minimus","Lepospondyli",3,3,3,0.535666818593787,0,1,0,NA,NA,13.1329838224667,13.9252137887272,"low",1,1,"Keraterpetontidae","Diplocaulus",FALSE,NA
"101","Diplocaulus recurvatus","Lepospondyli",1,9,1,0,6.27675875586459,1,0,127,343.748591485793,0.205518426216724,1.19323961048532,"high",1,1,"Keraterpetontidae","Diplocaulus",TRUE,1
"102","Dissorophus multicinctus","Temnospondyli",1,3,1,0.559722065753028,0,1,0,131,354.118314838912,1.02478480371299,0.0179977084940955,"low",1,1,"Dissorophidae","Dissorophus",TRUE,1
"103","Doleserpeton annectens","Temnospondyli",NA,NA,NA,0.925433825377519,84.6917008426696,1,0,18.5,54.9962915625749,1.60466344249081,-0.00435729637164639,"low",1,1,"Amphibamidae","Doleserpeton",FALSE,NA
"104","Doragnathus woodi","Temnospondyli",NA,NA,NA,0.320587338081465,0,1,0,NA,NA,-5.37014660230807,-6.37081987309238,"low",1,1,"Trimerorhachidae","Doragnathus",FALSE,NA
"105","Dvinosaurus egregius","Temnospondyli",NA,NA,NA,0,127.040749446295,2,0,265,701.582864425259,36.5048673283822,35.4633491095669,"low",1,1,"Dvinosauria","Dvinosaurus",FALSE,NA
"106","Dvinosaurus primus","Temnospondyli",NA,NA,NA,0,49.0466886464511,1,17,198,527.856813882467,32.2600197902353,27.407895585456,"low",1,1,"Dvinosauria","Dvinosaurus",FALSE,NA
"107","Dvinosaurus secundus","Temnospondyli",NA,NA,NA,0.256262963840048,5.47252744036223,1,0,NA,NA,26.3931129737097,26.8139661163363,"low",1,1,"Dvinosauria","Dvinosaurus",FALSE,NA
"108","Elfridia bulbidens","Lepospondyli",NA,NA,NA,0,0,1,0,NA,NA,-9.58862913729644,-10.0446722954886,"low",1,1,"Gymnarthridae","Elfridia",FALSE,NA
"109","Elkobatrachus brocki","Salientia",5,8,5,0.387013338121425,83.8111734183924,1,0,10.666560377449,30.0087608984113,48.8330294638346,48.7995013137753,"low",1,1,"Pelobatidae","Elkobatrachus",TRUE,1
"110","Eocyclotosaurus wellesi","Temnospondyli",1,7,1,2.21408712970744,327.245086739034,4,0,510,1336.87687893134,18.0043486979457,17.3310146514881,"highlow",2,0.675609756097561,"Capitosauroidea","Eocyclotosaurus",TRUE,1
"111","Eodiscoglossus oxoniensis","Salientia",28,160,28,0.910257021848962,0,1,0,28.4441610065307,80.008402685239,36.2356219233199,35.2995691091938,"low",1,1,"Discoglossidae","Eodiscoglossus",TRUE,2
"112","Eodiscoglossus santonjae","Salientia",1,5,1,0,51.7350089732207,1,0,11,54.9979868069896,28.0461652002914,27.5199278163409,"low",1,1,"Discoglossidae","Eodiscoglossus",TRUE,1
"113","Eolydekkerina magna","Temnospondyli",1,1,1,0.688041493034639,40.8392223894726,1,0,139,374.867551465572,-50.264797939289,-50.914388968445,"low",1,1,"Lydekkerinidae","Eolydekkerina",TRUE,1
"114","Eopelobates anthracinus","Salientia",NA,NA,NA,0.838361476644818,40.5542319017751,2,0,NA,NA,46.5944094492975,45.4218710001712,"low",1,1,"Pelobatidae","Eopelobates",FALSE,NA
"115","Eopelobates bayeri","Salientia",NA,NA,NA,0,119.249765497954,1,22,11.9109924214847,33.5042232417502,43.9467996646374,43.8351347095988,"low",1,1,"Pelobatidae","Eopelobates",FALSE,NA
"116","Eopelobates grandis","Salientia",1,1,1,0.758726817862259,99.1402580262978,1,0,39.1107213839797,110.005733302748,49.2477093716611,48.6962891887401,"high",1,1,"Pelobatidae","Eopelobates",TRUE,1
"117","Eopelobates hinschei","Salientia",NA,NA,NA,0,84.0205056398271,2,1,NA,NA,42.9162872499933,42.6566750678381,"low",1,1,"Pelobatidae","Eopelobates",FALSE,NA
"118","Eorhinophrynus septentrionalis","Salientia",1,1,1,0.489990712832538,11.0949684079083,1,0,NA,NA,50.2766083409622,51.6604749039359,"low",1,1,"Rhinophrynidae","Eorhinophrynus",FALSE,NA
"119","Eoscapherpeton asiaticum","Urodela",1,1,1,0.321861387911967,80.8647727987335,1,0,NA,NA,36.0786309515787,35.303631802435,"high",1,1,"Cryptobranchidae","Eoscapherpeton",FALSE,NA
"120","Eoxenopoides reuningi","Salientia",NA,NA,NA,0.539774529963585,0,2,0,NA,NA,-45.7780884261364,-44.8951508499803,"low",1,1,NA,"Eoxenopoides",FALSE,NA
"121","Eryops megacephalus","Temnospondyli",5,9,5,0,432.620989234392,4,6,367,960.004565857039,1.19186117385744,0.920841818485191,"highlow",2,0.956185567010309,"Eryopidae","Eryops",TRUE,1
"122","Eryosuchus antiquus","Temnospondyli",1,1,1,0,0,1,0,262,693.813341390549,40.8597921380855,41.3758201250888,"high",1,1,"Capitosauridae","Eryosuchus",TRUE,1
"123","Eryosuchus tverdochlebovi","Temnospondyli",10,10,10,0.822632308275529,0,1,0,262,693.805641286394,41.3610184956381,41.6571097723892,"highlow",2,1.22073578595318,"Capitosauroidea","Eryosuchus",TRUE,1
"124","Estesina elegans","Salientia",1,2,1,0.784788839023149,117.789227597921,1,5,NA,NA,35.3199943063283,36.6439829607224,"highlow",2,1.16438356164384,"Discoglossidae","Estesina",FALSE,NA
"125","Eurycephalella alcinae","Salientia",1,1,1,0.524973481612323,37.0605732322699,1,1,13.5109764781021,38.0083411823958,-4.764873761757,-6.44105750143408,"low",1,1,NA,"Eurycephalella",TRUE,1
"126","Euryodus primus","Lepospondyli",5,5,5,0,125.758688443671,1,0,32,97.4125192950559,0.461540995781473,0.399911711608222,"low",1,1,NA,"Euryodus",TRUE,1
"127","Fayella chickashaensis","Temnospondyli",2,2,2,0.91986382543014,38.2862468018927,1,1,NA,NA,8.03716028934457,7.41978111989908,"low",1,1,NA,"Fayella",FALSE,NA
"128","Ferganobatrachus riabinini","Temnospondyli",2,3,2,0,75.4183941822105,1,3,NA,NA,40.1598744417668,40.9183919113675,"low",2,1.30653266331658,NA,"Ferganobatrachus",FALSE,NA
"129","Galverpeton ibericum","Urodela",1,1,1,0.890455155077121,119.276594852411,1,0,NA,NA,26.6931882508716,26.2730993953219,"low",1,1,NA,"Galverpeton",FALSE,NA
"130","Georgenthalia clavinasica","Temnospondyli",1,1,1,0.151768840832358,92.0400011379276,1,0,28.3,87.826070475072,7.50680474972099,6.67387248750522,"low",1,1,"Amphibamidae","Georgenthalia",TRUE,1
"131","Gerrothorax new species","Temnospondyli",NA,NA,NA,0.91382167875493,71.6228439722206,2,0,133,359.298883293079,29.6731169268798,28.5524641297135,"low",1,1,"Plagiosauridae","Gerrothorax",FALSE,NA
"132","Gobiates asiaticus","Salientia",1,1,1,0,0,1,0,NA,NA,35.9996764006754,34.9503157323887,"high",1,1,"Gobiatidae","Gobiates",FALSE,NA
"133","Gobiates kizylkumensis","Salientia",1,1,1,1.16456404317606,0,1,3,NA,NA,35.1101470097401,35.4607877529887,"highlow",2,1.15163934426229,"Gobiatidae","Gobiates",FALSE,NA
"134","Gobiates tatarinovi","Salientia",1,1,1,0,117.35318216667,1,1,NA,NA,36.1113515974683,35.5003305704994,"high",1,1,"Gobiatidae","Gobiates",FALSE,NA
"135","Gobiatoides parvus","Salientia",1,1,1,0.639174010643398,90.2326451687254,1,0,NA,NA,35.3185371955586,35.5051689007049,"high",1,1,"Gobiatidae","Gobiatoides",FALSE,NA
"136","Gobiops desertus","Temnospondyli",1,8,1,0,0,2,55,300,792.33137648064,42.8135841969854,38.498999601053,"low",1,0.593607305936073,"Brachyopidae","Gobiops",TRUE,1
"137","Gonioglyptus huxleyi","Temnospondyli",1,1,1,0,78.4939598467566,1,1,NA,NA,-48.7139101124758,-48.1215788953395,"low",1,1,"Trematosauridae","Gonioglyptus",FALSE,NA
"138","Goniorhynchus stovalli","Lepospondyli",11,11,11,0,40.1367213829521,1,0,13.8,50.2183950486591,1.55803413158433,0.857673869283509,"low",1,1,"Gymnarthridae","Goniorhynchus",TRUE,1
"139","Gracilibatrachus avallei","Salientia",NA,NA,NA,0,18.2037037854565,1,0,NA,NA,27.3395245923008,27.9656583098973,"low",1,1,NA,"Gracilibatrachus",FALSE,NA
"140","Habrosaurus dilatus","Urodela",9,73,9,10.2823164902724,1123.15339277646,8,13,329.457899721936,868.722323603013,54.0450533171745,46.877685803556,"highlow",3,2.686,"Sirenidae","Habrosaurus",TRUE,1
"141","Hapsidopareion lepton","Lepospondyli",8,9,8,0,0,1,0,10,40.3792930424807,1.36964520718349,-0.145842418545807,"low",1,1,"Hapsidopareiontidae","Hapsidopareion",TRUE,1
"142","Hatzegobatrachus grigorescui","Salientia",NA,NA,NA,0,41.7305492479034,1,0,NA,NA,25.9883607299528,25.456254268018,"low",1,1,NA,"Hatzegobatrachus",FALSE,NA
"143","Hemiprichisaurus keuperinus",NA,NA,NA,NA,0,0,1,0,NA,NA,37.6202139447939,38.3724978215557,"low",1,1,NA,"Hemiprichisaurus",FALSE,NA
"144","Hensonbatrachus kermiti","Salientia",NA,NA,NA,1.21804777298979,197.538217793117,2,4,NA,NA,60.2194060013427,59.1207088345435,"highlow",2,1.02360515021459,NA,"Hensonbatrachus",FALSE,NA
"145","Horezmia gracile","Urodela",1,NA,1,0,69.7580757215254,1,6,NA,NA,35.8025958277688,33.4402888800949,"high",1,0.438127090301003,"Scapherpetontidae","Horezmia",FALSE,NA
"146","Hungarobatrachus szukacsi","Salientia",5,12,5,0.783950963351686,0,1,1,21.333120754898,59.9900785765424,32.0363959035273,30.8651545651625,"low",1,1,NA,"Hungarobatrachus",TRUE,1
"147","Hylerpeton dawsoni","Lepospondyli",1,1,1,0.807542936093275,0,1,0,NA,NA,-16.0175160799997,-16.5076686480904,"low",1,1,"Hylonomidae","Hylerpeton",FALSE,NA
"148","Ichthyerpeton squamosum",NA,NA,NA,NA,1.20122235403495,0,1,0,NA,NA,-10.5651611606327,-9.34849599466819,"low",1,1,"Colosteidae","Ichthyerpeton",FALSE,NA
"149","Indobatrachus pusillus","Salientia",NA,NA,NA,0,0,1,0,NA,NA,-1.81178761356116,-2.73221636040673,"low",1,1,"Bufonidae","Indobatrachus",FALSE,NA
"150","Indobrachyops panchetensis","Temnospondyli",1,1,1,0,0,1,1,NA,NA,-49.5349244458161,-49.4670974281279,"low",1,1,NA,"Indobrachyops",FALSE,NA
"151","Indolyrocephalus panchetensis","Temnospondyli",1,3,1,0,0,1,0,NA,NA,-49.1002168811655,-48.2751361833725,"low",1,1,"Trematosauria","Indolyrocephalus",FALSE,NA
"152","Intasuchus silvicola","Temnospondyli",NA,NA,NA,0.65939253415648,22.1365888265614,1,0,174,465.621189885232,34.4775049866052,34.39549257307,"low",1,1,"Intasuchidae","Intasuchus",FALSE,NA
"153","Iridotriton hechti","Urodela",1,1,1,1.0504676448897,48.4761621985471,1,1,16.4728949860968,57.1542236383608,27.8120779671884,28.5669346518992,"low",1,1,NA,"Iridotriton",TRUE,1
"154","Isodectes obtusus","Temnospondyli",1,1,1,0,68.6401265863542,2,33,70,195.951093497406,-6.26597087328437,-10.1375218578351,"low",1,1,"Saurerpetontidae","Isodectes",TRUE,1
"155","Isodectes punctulatus","Temnospondyli",2,2,2,0,0,1,1,32,97.4095540727987,-9.23836997381571,-10.8085367334743,"low",1,1,"Saurerpetontidae","Isodectes",TRUE,1
"156","Jammerbergia formops","Temnospondyli",1,1,1,0,0,1,0,596,1559.85864874711,-51.131600728563,-50.2391397248274,"low",1,1,"Mastodonsauridae","Jammerbergia",TRUE,1
"157","Kababisha humarensis","Urodela",2,2,2,1.21283639473287,0,1,0,100,273.744919158473,0.531795829014479,0.305695176535843,"high",1,1,"Sirenidae","Kababisha",TRUE,1
"158","Kababisha sudanensis","Urodela",5,6,5,0,0,1,0,100,273.740685273564,0.172774161157756,0.168199999203531,"high",1,1,"Sirenidae","Kababisha",TRUE,1
"159","Karaurus sharovi","Urodela",NA,NA,NA,0,0,1,0,NA,NA,40.4376863501086,41.221643557684,"low",1,1,"Karauridae","Karaurus",FALSE,NA
"160","Kestrosaurus dreyeri","Temnospondyli",1,1,1,0.602784356809516,368.552000530835,3,0,530,1388.72391878559,-51.0873363039603,-49.9301519028771,"low",1,1,"Capitosauridae","Kestrosaurus",TRUE,1
"161","Kestrosaurus kitchingi","Temnospondyli",2,8,2,0,0,1,0,635,1660.9910001054,-50.7322940565151,-50.8966354052041,"low",1,1,"Capitosauridae","Kestrosaurus",TRUE,1
"162","Kiyatriton leshchinskiyi","Urodela",3,6,3,0.671829366290658,94.9240878520507,2,10,NA,NA,50.4671955003451,48.4580694820522,"low",1,1,NA,"Kiyatriton",FALSE,NA
"163","Kizylkuma antiqua","Salientia",3,6,3,0.996576830382721,38.0073056754334,1,3,NA,NA,35.3168878774826,36.1065161115219,"high",1,0.46875,"Discoglossidae","Kizylkuma",FALSE,NA
"164","Kokartus honorarius","Urodela",6,47,6,0,0,1,0,50,144.084960256377,39.6289020015031,40.6585388866813,"low",1,1,"Karauridae","Kokartus",TRUE,1
"165","Konzhukovia vetusta","Temnospondyli",NA,NA,NA,0,0,1,0,250,662.684265739509,27.874693929006,26.7720422658815,"high",1,1,"Archegosauridae","Konzhukovia",FALSE,NA
"166","Koolasuchus cleelandi","Temnospondyli",2,12,2,0.995886262763915,77.5756849822588,1,0,650,1699.87730989146,-83.8711993674465,-84.2958263502173,"low",1,1,"Chigutisauridae","Koolasuchus",TRUE,1
"167","Koskinonodon perfectus","Temnospondyli",9,35,9,11.0933649393099,3157.05215430938,5,16,560,1466.52560191957,11.6196995407163,6.86198088394386,"highlow",3,2.164,"Metoposauridae","Koskinonodon",TRUE,1
"168","Kryostega collinsoni","Temnospondyli",1,1,1,1.05674869831332,0,1,0,1000,2607.4352042654,-71.8105688919465,-70.17861514866,"high",1,1,"Stereospondyli","Kryostega",TRUE,1
"169","Labyrinthodon lavisi","Temnospondyli",1,1,1,0,0,1,1,600,1570.24223911241,28.1331309890798,27.1801947365007,"low",1,1,"Mastodonsauridae","Labyrinthodon",TRUE,1
"170","Labyrinthodon panchetensis","Temnospondyli",NA,NA,NA,0,23.071988710563,1,0,NA,NA,-49.0602142474072,-48.1517311184125,"low",1,1,"Stereospondyli","Labyrinthodon",FALSE,NA
"171","Laccotriton subsolanus","Urodela",100,100,100,0,60.4456314934,1,0,12,45.5554787335668,51.8885828372427,51.1120983189308,"low",1,1,NA,"Laccotriton",TRUE,3
"172","Laidleria gracilis","Temnospondyli",NA,NA,NA,0,0,1,0,NA,NA,-52.1938378177109,-52.1158509882625,"low",1,1,NA,"Laidleria",FALSE,NA
"173","Latiscopus disjunctus","Temnospondyli",NA,NA,NA,0,0,1,0,NA,NA,5.8275700044266,5.67774094272471,"low",1,1,"Almasauridae","Latiscopus",FALSE,NA
"174","Latonia seyfriedi","Salientia",1,50,1,0,38.4117953027645,1,0,30,79.9960193942254,47.5254429626807,47.9525414683453,"low",1,1,"Discoglossidae","Latonia",TRUE,1
"175","Lechriodus casca","Salientia",NA,NA,NA,0.28025583492527,0,1,0,NA,NA,-43.490039381915,-43.8787884672817,"low",1,1,"Leptodactylidae","Lechriodus",FALSE,NA
"176","Lechriodus intergerivus","Salientia",NA,NA,NA,0,0,1,0,NA,NA,-23.3707746486621,-23.9599151239241,"low",1,1,"Leptodactylidae","Lechriodus",FALSE,NA
"177","Lehahichnus coquinaris",NA,NA,NA,NA,0,115.271611783481,1,0,NA,NA,-43.8992579045568,-43.4198119269547,"low",1,1,NA,"Lehahichnus",FALSE,NA
"178","Leiocephalikon problematicum","Lepospondyli",1,1,1,0,96.9771849725075,1,0,20,66.2902482520848,-16.6158649685683,-15.3515420501942,"low",1,1,"Gymnarthridae","Leiocephalikon",TRUE,1
"179","Leiopelma acricarina","Salientia",1,2,1,0.418828494198771,0,1,0,28.4441610065307,79.9960293151904,-45.8594759427158,-45.5751383662371,"low",1,1,"Leiopelmatidae","Leiopelma",TRUE,1
"180","Leiopelma miocaenale","Salientia",1,1,1,0.582205508613719,0,2,0,28.4441610065307,79.9996907097567,-45.7550694811303,-46.8906444161345,"low",1,1,"Leiopelmatidae","Leiopelma",TRUE,1
"181","Lethiscus stocki","Lepospondyli",NA,NA,NA,0,90.601107039022,1,0,28,277.995923654921,-28.7132255829009,-27.6315469591016,"low",1,1,"Lethiscidae","Lethiscus",FALSE,NA
"182","Liaobatrachus beipiaoensis","Salientia",NA,NA,NA,0.867709451616375,79.5687507910186,1,0,NA,NA,40.823222377095,41.097365995003,"low",1,0.631578947368421,NA,"Liaobatrachus",FALSE,NA
"183","Liaobatrachus macilentus","Salientia",1,1,1,1.07514360122332,75.7462376377614,1,7,40.8884814468879,114.99912488108,40.1509573643741,41.0965133638669,"low",1,0.625,NA,"Liaobatrachus",TRUE,1
"184","Liaobatrachus zhaoi","Salientia",NA,NA,NA,0,24.2003698742764,1,0,NA,NA,41.1116228779788,41.8594539003457,"low",1,1,NA,"Liaobatrachus",FALSE,NA
"185","Liaoxitriton zhongjiani","Urodela",40,40,40,0,0,1,0,90,247.814190297066,40.5913385796975,39.2348702444378,"low",1,1,NA,"Liaoxitriton",TRUE,2
"186","Llankibatrachus truebae","Salientia",NA,NA,NA,1.56799266087184,0,1,0,NA,NA,-40.4569173301383,-41.4848630320389,"low",1,1,"Pipidae","Llankibatrachus",FALSE,NA
"187","Llistrofus pricei","Lepospondyli",1,1,1,0.942377018828108,82.9153248361353,1,1,22,71.4890156925525,1.3974666159099,1.5526126652455,"low",1,1,"Hapsidopareiontidae","Llistrofus",TRUE,1
"188","Lydekkerina panchetensis","Temnospondyli",1,1,1,0,103.916212344634,1,1,70.6,197.508472495194,-48.1890328300059,-48.1918722290419,"low",1,1,"Lydekkerinidae","Lydekkerina",TRUE,1
"189","Lyrocephaliscus euri","Temnospondyli",1,2,1,0.61025484283465,128.185626646863,3,1,108,294.478877005279,55.1396586414083,55.4154315233258,"low",1,1,"Lyrocephaliscidae","Lyrocephaliscus",TRUE,1
"190","Lysorophus tricarinatus","Lepospondyli",14,16,14,0.8882580924942,49.1367513867712,1,9,16,55.9235138367371,0.129056789363529,0.1232952638715,"low",1,1,"Lysorophidae","Lysorophus",TRUE,1
"191","Macropelobates osborni","Salientia",NA,NA,NA,0,66.338044121482,2,0,NA,NA,43.3367440095483,43.7301615714407,"low",1,1,"Pelobatidae","Macropelobates",FALSE,NA
"192","Mahavisaurus australis","Temnospondyli",1,1,1,0,106.245634087702,1,0,193,514.879829158573,-34.6897953536598,-33.3212406846931,"low",1,1,"Rhytidosteidae","Mahavisaurus",TRUE,1
"193","Mahavisaurus dentatus","Temnospondyli",NA,NA,NA,0,0,1,0,NA,NA,-33.5538346993127,-34.9189182317206,"low",1,1,"Rhytidosteidae","Mahavisaurus",FALSE,NA
"194","Manubrantlia khaki","Temnospondyli",1,1,1,0,114.313390211782,1,1,111.5,303.564995971303,-47.8826294177727,-49.457853790331,"low",1,1,"Lapillopsidae","Manubrantlia",TRUE,1
"195","Marmorerpeton freemani","Urodela",1,1,1,0.731209284823316,15.1155127987502,1,0,65.8915799443872,185.299275219116,35.4992532848565,36.9408198923057,"low",1,1,NA,"Marmorerpeton",TRUE,1
"196","Marmorerpeton kermacki","Urodela",5,19,5,4.15966049713956,719.274908316574,2,0,65.8915799443872,185.296651992743,37.8050579597161,36.952952887602,"low",1,1,NA,"Marmorerpeton",TRUE,1
"197","Mastodonsaurus durus","Temnospondyli",1,1,1,0,0,1,0,1070,2788.94922488254,12.843198467681,13.7805491063575,"low",1,1,"Metoposauridae","Mastodonsaurus",TRUE,1
"198","Mastodonsaurus giganteus","Temnospondyli",2,21,2,3.38522713007825,187.815898428919,2,0,1250,3255.67484872564,28.3184640923339,28.2811171458873,"low",2,1.23024830699774,NA,"Mastodonsaurus",TRUE,1
"199","Mastodonsaurus lavisi","Temnospondyli",1,2,1,0,59.1875836929417,1,18,900,2348.13942639525,27.3848037512569,27.3373840128024,"low",1,0.571428571428571,"Mastodonsauridae","Mastodonsaurus",TRUE,1
"200","Mastodonsaurus torvus","Temnospondyli",1,1,1,0,192.11414224092,2,0,900,2348.14166789032,42.5693506298771,43.1193916069793,"low",1,1,NA,"Mastodonsaurus",TRUE,1
"201","Matthewichnus caudifer","Temnospondyli",NA,NA,NA,0.0255466769121346,29.6427314824821,1,1,NA,NA,-14.1641224611662,-13.1200061769336,"low",1,1,NA,"Matthewichnus",FALSE,NA
"202","Megamolgophis agostini","Lepospondyli",NA,NA,NA,1.21209930812457,0,1,0,NA,NA,-0.288237451362671,-0.49436380134082,"low",1,1,"Lysorophidae","Megamolgophis",FALSE,NA
"203","Melanerpeton pulcherrimum","Temnospondyli",NA,NA,NA,0,111.684109302214,1,0,34.7,104.414690236818,8.74060178648579,9.95610768075931,"low",1,1,"Branchiosauridae","Melanerpeton",FALSE,NA
"204","Melosaurus uralensis","Temnospondyli",1,1,1,1.25966220243622,0,1,0,196,522.674936496018,29.0820524150901,28.6860021528252,"low",1,1,"Rachitomi","Melosaurus",TRUE,1
"205","Metoposaurus algarvensis","Temnospondyli",8,12,8,0,20.6628207488222,1,0,450,1181.28707675921,19.2569230570896,18.7939023295855,"low",1,1,"Metoposauridae","Metoposaurus",TRUE,1
"206","Metoposaurus diagnosticus","Temnospondyli",1,5,1,1.17426342644178,730.720491865597,2,16,442,1160.54902980636,28.8990023641129,27.7537082671902,"highlow",3,1.92057026476578,"Metoposauridae","Metoposaurus",TRUE,1
"207","Metoposaurus fraasi","Temnospondyli",1,1,1,3.51141922255567,864.676762738023,4,1,NA,NA,9.9555292991543,9.25409818052829,"low",2,0.906040268456376,"Metoposauridae","Metoposaurus",FALSE,NA
"208","Metoposaurus jonesi","Temnospondyli",1,1,1,0,0,1,0,NA,NA,7.31601327758111,7.95150932118125,"low",1,1,"Metoposauridae","Metoposaurus",FALSE,NA
"209","Micraroter erythrogeios","Lepospondyli",1,1,1,0,0,2,0,45,131.1279115535,-0.0609803325551994,0.258255412330901,"low",1,1,"Ostodolepidae","Micraroter",TRUE,1
"210","Microbrachis pelikani","Lepospondyli",7,7,7,0.856326149372795,0,1,0,21,68.9015948048244,-0.711188943671399,-0.863754402460866,"low",1,1,NA,"Microbrachis",TRUE,1
"211","Micropholis stowi","Temnospondyli",5,5,5,0.951236605391876,531.625164895706,4,2,41.4,121.797733211114,-49.9987627147223,-51.386366883534,"low",2,2,"Amphibamidae","Micropholis",TRUE,1
"212","Microposaurus averyi","Temnospondyli",1,1,1,0,0,1,0,400,1051.63940325687,-76.8394612099062,-76.4781536811049,"low",1,1,"Trematosauridae","Microposaurus",TRUE,1
"213","Microposaurus casei","Temnospondyli",1,1,1,0,47.4152300045727,2,0,NA,NA,-50.6182510950486,-50.1497762621596,"low",1,1,"Trematosauridae","Microposaurus",FALSE,NA
"214","Miopelodytes gilmorei","Salientia",NA,NA,NA,0.629727696357258,46.6705010153213,1,0,NA,NA,44.7474950615568,45.270017497546,"low",1,1,"Pelodytidae","Miopelodytes",FALSE,NA
"215","Montsechobatrachus gaudryi","Salientia",1,1,1,0.731283214400152,22.8340849153909,1,0,NA,NA,28.3464876773933,27.7790760446506,"low",1,1,NA,"Montsechobatrachus",FALSE,NA
"216","Nannaroter mckinziei","Lepospondyli",1,1,1,0.574063686098248,34.6725161858555,1,0,18,61.1091604440676,1.45344575880673,0.300631284849904,"low",1,1,"Ostodolepidae","Nannaroter",TRUE,1
"217","Nannospondylus stewarti","Temnospondyli",1,1,1,1.266922164642,0,1,1,NA,NA,8.57788841641207,8.09656228898723,"low",1,1,"Trimerorhachidae","Nannospondylus",FALSE,NA
"218","Nanolania anatopretia","Temnospondyli",1,5,1,0.5049758919395,15.0035540589278,1,0,NA,NA,-68.668142703739,-69.9652905812533,"low",1,1,"Rhytidosteidae","Nanolania",FALSE,NA
"219","Nanopus reidiae","Temnospondyli",NA,NA,NA,1.02865078694445,101.39270013202,1,0,NA,NA,-13.756534248881,-14.4036308520584,"low",1,1,NA,"Nanopus",FALSE,NA
"220","Neoprocoela edentatus","Salientia",1,1,1,0.00247613133793845,41.1849710034365,1,0,23.4664328303878,66.0062420385005,-44.1700716849583,-43.5860841220411,"high",1,1,"Leptodactylidae","Neoprocoela",TRUE,1
"221","Nesovtriton mynbulakensis","Urodela",4,6,4,1.03629658228264,86.3013257393437,1,4,NA,NA,36.5720459968519,35.0580761394193,"high",1,0.468965517241379,NA,"Nesovtriton",FALSE,NA
"222","Neusibatrachus wilferti","Salientia",NA,NA,NA,0.166473303826255,0,1,0,NA,NA,28.1971761007146,28.017868933762,"low",1,1,NA,"Neusibatrachus",FALSE,NA
"223","Nigerpeton ricqlesi","Temnospondyli",1,2,1,0.00718848165439542,4.28233295460714,1,0,560,1466.52384612656,-3.59147565028697,-3.58734338580328,"low",1,1,"Cochleosauridae","Nigerpeton",TRUE,1
"224","Noterpeton bolivianum","Urodela",1,38,1,0.944822883008726,126.593432977129,1,0,NA,NA,-19.4503745809255,-17.9565520794189,"low",1,1,"Sirenidae","Noterpeton",FALSE,NA
"225","Notobatrachus degiustoi","Salientia",NA,NA,NA,0.150817559035356,0,1,0,NA,NA,-49.5656401316561,-49.9712444564253,"low",1,1,NA,"Notobatrachus",FALSE,NA
"226","Notobatrachus reigi","Salientia",NA,NA,NA,0,0,1,0,NA,NA,-47.9487974311575,-49.6303468442872,"low",1,1,NA,"Notobatrachus",FALSE,NA
"227","Oligosemia spinosa","Urodela",3,3,3,0.0649262056794389,107.359848116156,2,0,NA,NA,39.0041610784577,39.0011198743926,"low",1,1,"Salamandridae","Oligosemia",FALSE,NA
"228","Onchiodon labyrinthicus","Temnospondyli",NA,NA,NA,0,0,1,1,280,740.478914666766,7.29081273765996,7.1442713186866,"low",1,1,"Eryopidae","Onchiodon",FALSE,NA
"229","Ophiderpeton kirktonense","Lepospondyli",1,4,1,0.289119316193142,0,1,0,20,66.3067525016668,-27.3322583436335,-27.7628795815932,"low",1,1,"Ophiderpetontidae","Ophiderpeton",TRUE,1
"230","Ophiderpeton swisshelmense","Lepospondyli",1,15,1,0.654947963332103,85.3984883049012,1,0,NA,NA,-9.7829930358941,-8.89051570002011,"low",1,1,"Ophiderpetontidae","Ophiderpeton",FALSE,NA
"231","Opisthotriton gidleyi","Urodela",1,1,1,0.710054605957899,0,1,1,32,97.4206296166996,55.9362375692004,57.2991599517414,"low",1,1,"Batrachosauroididae","Opisthotriton",TRUE,1
"232","Opisthotriton kayi","Urodela",107,334,107,8.48178401566011,1566.89906917544,9,22,32,97.424188200355,57.8477487697683,45.634831938543,"highlow",3,2.862,"Batrachosauroididae","Opisthotriton",TRUE,3
"233","Osteophorus typus","Temnospondyli",NA,NA,NA,0.33978149024847,0,1,0,NA,NA,-32.6496366100309,-33.0049708397982,"low",1,1,"Actinodontidae","Osteophorus",FALSE,NA
"234","Ostodolepis brevispinatus","Lepospondyli",1,1,1,0,0,1,0,NA,NA,0.25293291811484,-0.0798904468805804,"low",1,1,"Ostodolepidae","Ostodolepis",FALSE,NA
"235","Oumtkoutia anae","Salientia",22,34,22,0,0,1,1,NA,NA,26.2675696506312,26.0190892370565,"low",1,1,"Pipidae","Oumtkoutia",FALSE,NA
"236","Pachycentrata taqueti","Salientia",4,21,4,0,104.704839461573,1,0,24.8886408807143,70.0050202996843,5.46501649176919,4.89640156604567,"low",1,1,NA,"Pachycentrata",TRUE,1
"237","Pachygonia incurvata","Temnospondyli",1,2,1,1.16895309547787,0,1,29,NA,NA,-42.9950986530085,-49.1179170562128,"low",1,1,"Stereospondylomorpha","Pachygonia",FALSE,NA
"238","Palaeobatrachus occidentalis","Salientia",1,1,1,0.426521966048602,473.797948100945,2,6,17.5,61.0040595908416,54.5544784979672,54.5260204039358,"highlow",3,1.37606837606838,"Palaeobatrachidae","Palaeobatrachus",TRUE,1
"239","Palaeobatrachus robustus","Salientia",7,71,7,0,48.0170836990168,1,0,17.5,61.0028810749203,41.2869190313237,41.1187993544469,"low",1,1,"Palaeobatrachidae","Palaeobatrachus",TRUE,1
"240","Palaeoproteus gallicus","Urodela",7,26,7,0,0,1,0,13.4,49.1806998072135,39.5107849392043,38.2938147266347,"high",1,0.430921052631579,"Batrachosauroididae","Palaeoproteus",TRUE,1
"241","Paleoamphiuma tetradactylum","Urodela",1,1,1,0,0,1,0,20,66.3016425399168,49.5900302404284,48.959260755752,"low",1,1,"Amphiumidae","Paleoamphiuma",TRUE,1
"242","Panchetosaurus panchetensis","Temnospondyli",1,1,1,0.181418167545753,30.1822673452118,1,0,NA,NA,-48.7589237460324,-49.2798163707757,"low",1,1,"Trematosauridae","Panchetosaurus",FALSE,NA
"243","Paracyclotosaurus davidi","Temnospondyli",1,1,1,1.0762318432151,0,1,0,NA,NA,-76.5797455909074,-77.7094737586908,"low",1,1,NA,"Paracyclotosaurus",FALSE,NA
"244","Paracyclotosaurus morganorum","Temnospondyli",1,1,1,0,43.5664244406828,1,0,NA,NA,-51.5638725517185,-50.2971503219434,"low",1,1,NA,"Paracyclotosaurus",FALSE,NA
"245","Paradiscoglossus americanus","Salientia",1,3,1,0,1.40329604759957,1,0,NA,NA,54.1209979516118,54.4484812366235,"low",2,1.10833333333333,NA,"Paradiscoglossus",FALSE,NA
"246","Paralatonia transylvanica","Salientia",1,2,1,0.42768503587426,0,1,0,NA,NA,25.8718821168406,25.9291851128912,"high",1,1,"Discoglossidae","Paralatonia",FALSE,NA
"247","Pariotichus brachyops","Lepospondyli",1,1,1,0,0,2,0,25,79.2667787017675,-0.426711752222599,1.05838979673225,"low",1,1,"Gymnarthridae","Pariotichus",TRUE,1
"248","Parotosuchus orenburgensis","Temnospondyli",1,1,1,1.04517650800052,0,1,0,NA,NA,39.9305369927842,40.2006958275396,"low",1,1,"Mastodonsauridae","Parotosuchus",FALSE,NA
"249","Parotosuchus orientalis","Temnospondyli",1,1,1,0.646163986644623,133.230175361662,1,0,NA,NA,39.5627845695414,38.5273258111392,"highlow",2,1.14529914529915,NA,"Parotosuchus",FALSE,NA
"250","Parotosuchus speleus","Temnospondyli",1,90,11,0,56.314917005643,1,0,651,1702.4799163896,29.4530086250687,29.2292380978996,"low",1,1,NA,"Parotosuchus",TRUE,1
"251","Pasawioops mayi","Temnospondyli",2,2,2,0,61.0167245904529,1,0,28.9,89.3783397792561,0.142362681353651,0.489683741374127,"low",1,1,"Amphibamidae","Pasawioops",TRUE,1
"252","Pelobates fahlbuschi","Salientia",125,1080,125,0,72.1023780003417,1,1,35.5552012581634,100.000899458341,45.3227985409572,46.4720540457889,"low",1,1,"Pelobatidae","Pelobates",TRUE,3
"253","Pelodosotis elongatum","Lepospondyli",1,1,1,0,0,1,0,36,107.796635152076,0.17781834802243,0.770860085586338,"low",1,1,"Ostodolepidae","Pelodosotis",TRUE,1
"254","Peltobatrachus pustulatus","Temnospondyli",1,1,1,0,6.99259341254375,1,0,NA,NA,-46.2787230236897,-44.8964120273919,"high",1,1,"Stereospondyli","Peltobatrachus",FALSE,NA
"255","Peltostega erici","Temnospondyli",1,1,1,0.0358676721910596,177.814624154238,2,0,NA,NA,56.7172030532053,56.1724635226281,"low",1,1,NA,"Peltostega",FALSE,NA
"256","Peronedon primus","Lepospondyli",6,5,6,1.41488618827231,162.275543757371,1,1,14,50.7387771430079,0.229604450424978,1.08003143360284,"low",1,1,"Keraterpetontidae","Peronedon",TRUE,1
"257","Phlegethontia longissima","Lepospondyli",2,19,2,3.63705631048036,4915.82378667546,3,1,21,68.8842474851162,-7.60142734928142,-9.67820982772086,"low",1,1,"Phlegethontiidae","Phlegethontia",TRUE,1
"258","Piceoerpeton willwoodense","Urodela",3,7,3,0,1072.02002548264,4,6,35.5552012581634,99.9916428932967,54.1536273832211,52.6640738202508,"highlow",3,1.08658008658009,"Scapherpetontidae","Piceoerpeton",TRUE,1
"259","Plagioscutum caspiense","Temnospondyli",NA,NA,NA,0.375213346904911,0,1,0,NA,NA,43.9851798697295,42.7284103006045,"low",1,1,"Plagiosauridae","Plagioscutum",FALSE,NA
"260","Plagioscutum ochevi","Temnospondyli",NA,NA,NA,1.71308256877968,185.308578905578,1,0,NA,NA,40.7244745548759,40.9573083303369,"highlow",2,1.21329639889197,"Plagiosauridae","Plagioscutum",FALSE,NA
"261","Plagiosternum danilovi","Temnospondyli",1,1,1,1.08520029822794,102.327166305739,1,0,NA,NA,42.5866369649688,42.7915039186286,"low",1,1,"Plagiosauridae","Plagiosternum",FALSE,NA
"262","Plagiosternum paraboliceps","Temnospondyli",1,1,1,0,67.3830356783771,2,0,NA,NA,40.7125272316885,40.1302148440003,"high",1,1,"Plagiosauridae","Plagiosternum",FALSE,NA
"263","Platyoposaurus rickardi","Temnospondyli",1,1,1,0,0,1,0,NA,NA,26.6043645921084,28.1136041362691,"low",1,1,"Archegosauridae","Platyoposaurus",FALSE,NA
"264","Platyoposaurus stuckenbergi","Temnospondyli",1,1,1,0.494134390231635,0,1,0,700,1829.54573747958,33.7900002553228,34.8832866191964,"low",1,1,"Archegosauridae","Platyoposaurus",TRUE,1
"265","Platyoposaurus vjuschkovi","Temnospondyli",1,1,1,0.681600069810368,65.2688058868102,1,0,NA,NA,26.9659991147095,26.9903641062887,"low",1,1,"Archegosauridae","Platyoposaurus",FALSE,NA
"266","Platyoposaurus watsoni","Temnospondyli",1,1,1,0.0669534732670241,0,1,0,240,636.761314354268,35.4988223181879,36.8324888765654,"low",1,1,"Archegosauridae","Platyoposaurus",TRUE,1
"267","Platystega depressa","Temnospondyli",1,1,1,0,93.6101996133977,1,0,NA,NA,56.33971281942,56.0938649041207,"low",1,1,"Platystegidae","Platystega",FALSE,NA
"268","Proacris mintoni","Salientia",1,1,1,0.303929269552055,0,1,0,NA,NA,32.8279055065803,31.5512893691055,"low",1,1,"Hylidae","Proacris",FALSE,NA
"269","Procerobatrachus paulus","Salientia",1,1,1,1.20674880392322,0,1,0,NA,NA,36.0272644067844,35.4134159124186,"high",1,1,"Discoglossidae","Procerobatrachus",FALSE,NA
"270","Prodesmodon copei","Urodela",8,30,8,5.06140348804951,1373.43144139596,5,11,NA,NA,55.3294545158895,46.6104509957364,"highlow",3,2.21572580645161,"Batrachosauroididae","Prodesmodon",FALSE,NA
"271","Prodiscoglossus vertaizoni","Salientia",2,2,2,0,0.157058930323473,1,0,30.9330250946021,86.9912340406049,40.8146750200532,40.3031542683013,"low",1,1,"Discoglossidae","Prodiscoglossus",TRUE,1
"272","Prosiren elinorae","Urodela",1,3,1,2.12579697738595,64.6435198007142,1,13,3.8,24.2917907641337,38.3352244982776,35.4919472074642,"low",2,1.3943661971831,"Prosirenidae","Prosiren",TRUE,1
"273","Prospea holoserisca","Salientia",1,1,1,0,0,1,1,13,25.0039618936088,40.3733412587204,40.8191705752284,"low",1,1,"Scaphiopodidae","Prospea",TRUE,1
"274","Pseudacris nordensis","Salientia",1,1,1,0,0,1,0,19.5553606919898,54.9941760462383,45.3335594236183,45.9397042354469,"highlow",2,1.14345991561181,"Hylidae","Pseudacris",TRUE,1
"275","Pseudobranchus robustus","Urodela",1,6,1,0.931393176501509,34.1228410547266,1,0,NA,NA,29.3042239845656,29.471777480951,"low",1,0.368563685636856,"Sirenidae","Pseudobranchus",FALSE,NA
"276","Pseudophlegethontia turnbullorum","Lepospondyli",1,1,1,0.0877288394702831,78.5305924519438,1,0,9,37.7676806109762,-6.49190248647135,-7.48991884203058,"low",1,1,"Pseudophlegethontiidae","Pseudophlegethontia",TRUE,1
"277","Puertollanopus omicrodactylus","Lepospondyli",NA,NA,NA,0.442150200344584,101.477274621416,1,0,NA,NA,-6.46729174524361,-7.20131775259787,"low",1,1,NA,"Puertollanopus",FALSE,NA
"278","Rana basaltica","Salientia",NA,NA,NA,0,0,1,1,NA,NA,35.7999241384363,36.5150640867335,"low",1,1,"Ranidae","Rana",FALSE,NA
"279","Rana carbonicola","Salientia",NA,NA,NA,0,86.8298579654935,1,1,NA,NA,43.8364608018806,43.9612609894162,"low",1,1,"Ranidae","Rana",FALSE,NA
"280","Regalerpeton weichangensis","Urodela",NA,NA,NA,0.386426949996291,0,1,1,NA,NA,39.6892116128961,41.337656337631,"low",1,1,NA,"Regalerpeton",FALSE,NA
"281","Rewana myriadens","Temnospondyli",1,2,1,0,37.1760362069607,1,0,132,356.72058088399,-69.3340883747721,-68.7845981003763,"low",1,1,"Derwentiidae","Rewana",TRUE,1
"282","Rewana quadricuneata","Temnospondyli",2,2,2,0.82163935096813,5.12742128991669,1,1,150,403.394914975358,-69.9097612019654,-69.8773775751728,"low",1,1,"Derwentiidae","Rewana",TRUE,1
"283","Rhadalognathus boweni","Temnospondyli",NA,NA,NA,0,91.415064136978,1,0,NA,NA,17.2870065795894,17.0007486876736,"low",1,1,"Heylerosauridae","Rhadalognathus",FALSE,NA
"284","Rhadinosteus parvus","Salientia",NA,NA,NA,0,0,1,0,NA,NA,27.4229408481336,28.7408900551675,"low",1,1,"Rhinophrynidae","Rhadinosteus",FALSE,NA
"285","Rhinesuchus wadiai","Temnospondyli",1,1,1,0.960755633046961,0,1,0,NA,NA,-49.2666595289412,-48.3481397912766,"low",1,1,"Rhinesuchidae","Rhinesuchus",FALSE,NA
"286","Rhinesuchus wolgodvinensis","Temnospondyli",1,2,1,0.863460179966242,246.753657610246,2,0,NA,NA,43.9818799431975,42.252666423474,"low",1,0.545833333333333,"Rhinesuchidae","Rhinesuchus",FALSE,NA
"287","Rhytidosteus capensis","Temnospondyli",1,1,1,0,12036.6861994875,2,1,NA,NA,-4.74779521943969,-50.8948820644004,"high",1,0.276,"Rhytidosteidae","Rhytidosteus",FALSE,NA
"288","Rileymillerus cosgriffi","Temnospondyli",1,1,1,0.685823792402409,0,1,0,NA,NA,8.01966274191986,7.51245419995288,"low",1,1,NA,"Rileymillerus",FALSE,NA
"289","Rotaryus gothae","Temnospondyli",NA,NA,NA,0,22.6217704173163,1,1,45.3,131.907749342376,6.9018344510135,7.0720976268661,"low",1,1,"Trematopidae","Rotaryus",FALSE,NA
"290","Rotaurisaurus contundo","Temnospondyli",1,1,1,0,16.2270372487258,1,0,39.6,117.122449944788,-82.6071196188294,-82.7973365964443,"low",1,1,"Lapillopsidae","Rotaurisaurus",TRUE,1
"291","Rubeostratilia texensis","Temnospondyli",NA,NA,NA,0,0,1,0,NA,NA,-0.976520321153655,-2.12130490160416,"low",1,1,"Amphibamidae","Rubeostratilia",FALSE,NA
"292","Rubricacaecilia monbaroni","Parabatrachia",3,3,3,0.343608381467795,0,1,0,NA,NA,17.3828309819899,17.4424112447403,"low",1,1,NA,"Rubricacaecilia",FALSE,NA
"293","Saevesoederberghia egredia","Salientia",2,3,2,0,0,1,4,NA,NA,36.634653856392,36.6887646758658,"high",1,1,"Discoglossidae","Saevesoederberghia",FALSE,NA
"294","Saharastega moradiensis","Temnospondyli",1,1,1,0.602232836933829,92.6753111650048,1,0,NA,NA,-4.18869359873864,-3.03835039528716,"low",1,1,NA,"Saharastega",FALSE,NA
"295","Salamandra sansaniensis","Urodela",2,28,2,0,0,1,27,49.4186849582904,142.577212531879,40.2413348799142,37.9526373911067,"low",2,1.13524590163934,"Salamandridae","Salamandra",TRUE,1
"296","Saltenia ibanezi","Salientia",33,33,33,0.567593640696706,101.367781298286,1,0,7.89325467931226,22.2033425598778,-28.0834272550261,-27.014513531684,"low",1,1,"Pipidae","Saltenia",TRUE,2
"297","Scapherpeton tectum","Urodela",61,531,63,7.509822812597,1002.55667563543,12,53,NA,NA,57.4758448148968,50.9806407880523,"highlow",3,2.94,"Scapherpetontidae","Scapherpeton",FALSE,NA
"298","Scaphiopus wardorum","Salientia",4,12,4,0,0,1,7,22,100.001003944655,44.7632279779349,43.8875525194317,"highlow",2,0.908794788273616,"Pelobatidae","Scaphiopus",TRUE,1
"299","Sclerothorax hypselonotus","Temnospondyli",2,2,2,0.341564959899288,28.7948139647848,1,0,170,455.256741693826,28.7844698784729,27.730282910574,"low",1,1,"Sclerothoracidae","Sclerothorax",TRUE,1
"300","Seminobatrachus boltyschkensis","Urodela",NA,NA,NA,0,0,2,0,NA,NA,40.3074916705062,40.5656341087578,"low",1,1,NA,"Seminobatrachus",FALSE,NA
"301","Shelania laurenti","Salientia",NA,NA,NA,0,20.6096397910381,1,0,NA,NA,-40.2095327649063,-40.0184583623691,"low",1,1,"Pipidae","Shelania",FALSE,NA
"302","Shelania pascuali","Salientia",NA,NA,NA,0,0,2,0,NA,NA,-42.8960807612939,-42.9784953450626,"low",1,1,"Pipidae","Shelania",FALSE,NA
"303","Shomronella jordanica","Salientia",NA,NA,NA,0.594197864998176,2.48211753559974,1,1,NA,NA,1.48385297001178,1.54223003663893,"low",1,1,"Pipidae","Shomronella",FALSE,NA
"304","Siderops kehli","Temnospondyli",NA,NA,NA,0,81.0150040606564,1,0,570,1492.45363795044,-61.3151119105085,-61.1677496121764,"low",1,1,"Chigutisauridae","Siderops",FALSE,NA
"305","Sillerpeton permianum","Lepospondyli",1,7,1,0,118.234589681099,1,0,NA,NA,1.70892482217979,0.460481662439368,"low",1,1,"Phlegethontiidae","Sillerpeton",FALSE,NA
"306","Singidella latecostata","Salientia",NA,NA,NA,1.19242936435344,55.9893005429765,1,0,NA,NA,-17.5267585520967,-18.6933547566048,"low",1,1,NA,"Singidella",FALSE,NA
"307","Siren hesterna","Urodela",NA,NA,NA,0,0,1,0,14.8256054874871,52.874230887295,33.2864344662383,33.2287118274115,"low",1,1,"Sirenidae","Siren",FALSE,NA
"308","Slaugenhopia texensis","Temnospondyli",1,1,1,1.35165531954733,20.0679123862782,1,0,51,146.682747109559,0.340461907018785,-0.125362034337147,"low",2,1.15450643776824,"Trimerorhachidae","Slaugenhopia",TRUE,1
"309","Spea neuter","Salientia",24,198,24,1.20726796248061,0,1,14,21.333120754898,59.9913475996256,48.8786489139337,48.1734740810902,"low",1,1,"Pelobatidae","Spea",TRUE,2
"310","Stanocephalosaurus birdi","Temnospondyli",1,1,1,0.150012503896464,0,1,0,NA,NA,18.6261361486766,18.8111628609266,"low",1,1,"Mastodonsauridae","Stanocephalosaurus",FALSE,NA
"311","Stenotosaurus gracilis","Temnospondyli",1,1,1,0,27.3513446164862,1,0,NA,NA,29.5415945388787,28.1676793662311,"low",1,1,"Mastodonsauridae","Stenotosaurus",FALSE,NA
"312","Stenotosaurus stantonensis","Temnospondyli",1,1,1,0.73041183630522,0,1,0,NA,NA,30.7237090605589,30.3548738036582,"low",1,1,"Mastodonsauridae","Stenotosaurus",FALSE,NA
"313","Stoschiosaurus nielseni","Temnospondyli",1,1,1,0,98.9120018196285,1,0,NA,NA,44.5141765492187,44.1419162040727,"low",1,1,"Trematosauridae","Stoschiosaurus",FALSE,NA
"314","Subcyclotosaurus brookvalensis","Temnospondyli",1,1,1,0,36.3308231365602,1,1,NA,NA,-76.4641967968392,-77.2223449375789,"low",1,1,"Mastodonsauridae","Subcyclotosaurus",FALSE,NA
"315","Sunnybatrachus purbeckensis","Salientia",4,45,4,0.470241124455083,14.9650537833491,1,0,14.2220805032653,40.008697963804,32.7438193744402,33.7123372199069,"low",1,1,NA,"Sunnybatrachus",TRUE,1
"316","Syndyodosuchus tetricus","Temnospondyli",NA,NA,NA,0,0,1,0,156,418.954184464308,33.7500358352313,34.5169407532426,"low",1,1,"Intasuchidae","Syndyodosuchus",FALSE,NA
"317","Tambachia trogallas","Temnospondyli",1,1,1,0.943361672258695,114.745474300014,1,0,70,195.941031327117,7.28814392059788,8.07658949669197,"low",1,1,"Trematopidae","Tambachia",TRUE,1
"318","Tambaroter carrolli","Lepospondyli",1,1,1,0,30.0706777437311,1,0,30.5,93.5194508898807,7.80825199605012,7.9923102203668,"high",1,1,"Ostodolepidae","Tambaroter",TRUE,1
"319","Tersomius mosesi","Temnospondyli",14,17,14,0.437441628354408,70.1788713971951,1,0,55,157.051235903011,0.67912576235981,0.333915275802475,"low",1,1,"Amphibamidae","Tersomius",TRUE,1
"320","Tertrema acuta","Temnospondyli",1,1,1,0.450033724649762,53.8971842374743,2,0,NA,NA,56.0763066988345,55.9357377453713,"low",1,1,"Trematosauridae","Tertrema",FALSE,NA
"321","Thaumastosaurus wardi","Salientia",1,3,1,0.26853421625803,0,1,0,NA,NA,44.3804802496336,45.0342503895141,"low",1,1,NA,"Thaumastosaurus",FALSE,NA
"322","Tirraturhinus smisseni","Temnospondyli",1,1,1,0,0,1,0,NA,NA,-68.8928316886583,-68.1595127260359,"low",1,1,"Trematosauridae","Tirraturhinus",FALSE,NA
"323","Trematosuchus sobeyi","Temnospondyli",2,2,2,0,24.7239694501295,1,0,420,1103.49865612863,-52.1215343622421,-52.4000392926787,"low",1,1,"Trematosauridae","Trematosuchus",TRUE,1
"324","Triadobatrachus massinoti","Salientia",NA,NA,NA,0,0,1,0,NA,NA,-34.9307013758746,-34.700259336206,"low",1,1,NA,"Triadobatrachus",FALSE,NA
"325","Triassurus sixtelae","Temnospondyli",1,1,1,0.920365974168526,102.881284079523,1,0,NA,NA,40.1499148122214,40.0789689365022,"low",1,1,NA,"Triassurus",FALSE,NA
"326","Trimerorhachis insignis","Temnospondyli",4,9,4,1.28255469296408,310.782044399207,2,9,175,468.213758786948,0.809227646972887,-0.855722291401646,"highlow",2,0.76,NA,"Trimerorhachis",TRUE,1
"327","Trimerorhachis mesops","Temnospondyli",1,8,1,0,54.1752704903936,1,1,168,450.069660224501,0.842423346216111,0.892844699180006,"low",1,1,NA,"Trimerorhachis",TRUE,1
"328","Trimerorhachis rogersi","Temnospondyli",11,13,11,0.933207721679295,0,2,0,145,390.418601395289,-0.246610786838807,1.26563005700859,"low",1,1,NA,"Trimerorhachis",TRUE,1
"329","Tryphosuchus kinelensis","Temnospondyli",1,7,1,0.223208598573991,0,2,0,NA,NA,27.0271885338338,28.5385055778647,"low",1,1,"Melosauridae","Tryphosuchus",FALSE,NA
"330","Tylototriton primigenius","Urodela",NA,NA,NA,0.925360196022918,24.9342152042953,2,0,NA,NA,45.7948632479692,45.4512615126604,"low",1,1,"Salamandridae","Tylototriton",FALSE,NA
"331","Tyrrellbatrachus brinkmani","Salientia",1,2,1,0,0,1,2,14.2220805032653,40.0066544313729,59.8136401656425,59.6892539949651,"highlow",2,1.4192037470726,NA,"Tyrrellbatrachus",TRUE,1
"332","Uberabatrachus carvalhoi","Salientia",1,1,1,0,21.8410833637791,1,0,23.1108808178062,64.9983116248017,-24.4167950185762,-22.9912118916215,"high",1,1,"Ceratophryidae","Uberabatrachus",TRUE,1
"333","Urupia monstrosa","Urodela",1,6,1,0.105169460144421,0,2,0,NA,NA,57.6794359808951,58.2380845792755,"low",1,1,NA,"Urupia",FALSE,NA
"334","Uruyiella liminea","Temnospondyli",1,1,1,0.295875248069692,116.888828387539,1,0,NA,NA,-38.5659496496092,-38.0944201597604,"high",1,1,"Laidleriidae","Uruyiella",FALSE,NA
"335","Valdotriton gracilis","Urodela",NA,NA,NA,0,21.97545685619,1,0,NA,NA,26.9970875024143,27.756847812822,"low",1,1,NA,"Valdotriton",FALSE,NA
"336","Vanastega plurimidens","Temnospondyli",1,2,1,0,0,1,0,150,403.38881595864,-50.3665005100371,-51.3623727491537,"low",1,1,"Brachyopidae","Vanastega",TRUE,1
"337","Vigilius wellesi","Temnospondyli",1,15,1,0,0,1,0,240,636.761063949129,17.6369844696189,18.3612832136157,"low",1,1,"Brachyopidae","Vigilius",TRUE,1
"338","Vulcanobatrachus mandelai","Salientia",250,250,250,0.366435707794374,93.6493025153425,1,0,14.9331845284286,41.9962998786522,-45.9913139878949,-45.7300385427838,"low",1,1,NA,"Vulcanobatrachus",TRUE,4
"339","Vyborosaurus mirus","Temnospondyli",NA,NA,NA,0,0,1,0,NA,NA,51.0427933283073,49.724720046289,"low",1,1,"Benthosuchidae","Vyborosaurus",FALSE,NA
"340","Wantzosaurus elongatus","Temnospondyli",1,1,1,0.543073494101027,0,2,0,NA,NA,-33.3277686653751,-34.0142587835148,"low",1,1,"Trematosauridae","Wantzosaurus",FALSE,NA
"341","Warrenisuchus aliciae","Temnospondyli",1,1,1,0,12.3419288535635,1,0,NA,NA,-69.1276970923925,-68.4433757978538,"low",1,1,NA,"Warrenisuchus",FALSE,NA
"342","Watsonisuchus gunganj","Temnospondyli",1,2,1,0,48.5758707131253,1,0,NA,NA,-70.7506345598052,-70.5617310026686,"low",1,1,NA,"Watsonisuchus",FALSE,NA
"343","Watsonisuchus rewanensis","Temnospondyli",1,1,1,0.120170512981891,124.728993769966,1,0,NA,NA,-69.8956807757753,-68.9398740016881,"low",1,1,NA,"Watsonisuchus",FALSE,NA
"344","Wawelia gerholdi","Salientia",NA,NA,NA,0,0,1,0,NA,NA,-40.3214679007032,-40.0352840959639,"low",1,1,"Ceratophryidae","Wawelia",FALSE,NA
"345","Wellesaurus bussoni","Temnospondyli",1,1,1,0,0,1,1,NA,NA,4.41213013329657,5.69749615998122,"low",1,1,"Heylerosauridae","Wellesaurus",FALSE,NA
"346","Wellesaurus peabodyi","Temnospondyli",1,1,1,0.834474280155233,0,1,0,NA,NA,18.967606988179,18.3080789039615,"highlow",3,1.35906040268456,"Mastodonsauridae","Wellesaurus",FALSE,NA
"347","Wesserpeton evansae","Allocaudata",10,63,10,0,146.492939492898,2,0,12.4443204403572,35.0027142676944,38.379816628587,36.9662652463077,"high",1,1,"Albanerpetontidae","Wesserpeton",TRUE,1
"348","Wetlugasaurus malachovi","Temnospondyli",1,1,1,3.44303732498079,443.112208727297,2,1,NA,NA,51.9251251998669,50.5139172960927,"low",1,1,NA,"Wetlugasaurus",FALSE,NA
"349","Xenobrachyops allos","Temnospondyli",1,1,1,0,16.1205290655918,1,0,NA,NA,-69.6309066898236,-68.713045012583,"low",1,1,"Brachyopidae","Xenobrachyops",FALSE,NA
"350","Xenopus arabiensis","Salientia",NA,NA,NA,0.262229437271459,65.0337355791646,1,0,NA,NA,1.60960348139463,1.98629872689901,"low",1,1,"Pipidae","Xenopus",FALSE,NA
"351","Xenotosuchus africanus","Temnospondyli",1,1,1,0.750413445643562,94.5892849439074,2,0,NA,NA,-51.0889703707009,-50.5621949926973,"low",1,1,"Mastodonsauridae","Xenotosuchus",FALSE,NA
"352","Zatrachys conchigerus","Temnospondyli",NA,NA,NA,0,0,2,1,NA,NA,0.139708554694681,1.25601396648797,"low",1,1,"Zatracheidae","Zatrachys",FALSE,NA
"353","Zatrachys microphthalmus","Temnospondyli",NA,NA,NA,0.738959322672122,99.4565044798922,2,0,NA,NA,1.02023684591639,0.350197417052715,"low",1,1,"Zatracheidae","Zatrachys",FALSE,NA
"354","Zatrachys serratus","Temnospondyli",1,1,1,0.192605195916057,1635.45219421247,2,18,110,299.664541985113,-1.05213192574056,-1.62684890035474,"low",1,1,"Zatracheidae","Zatrachys",TRUE,1
